{"0":{"ros_timestamp":"1681734497.666615403","wall_type":"floor","a":-0.08213,"b":-0.056885,"c":0.994997,"d":1.008936,"shortest_distance":1.423384,"num_points":493,"plane_center_x":1.745745,"plane_center_y":-2.421979,"plane_center_z":-1.008377,"color_id":3},"1":{"ros_timestamp":"1681734497.666615403","wall_type":"front","a":0.892434,"b":0.436866,"c":0.112736,"d":-1.503315,"shortest_distance":1.337083,"num_points":2636,"plane_center_x":2.222131,"plane_center_y":-1.12677,"plane_center_z":0.110497,"color_id":0},"2":{"ros_timestamp":"1681734497.666615403","wall_type":"back","a":0.879736,"b":0.475204,"c":-0.015697,"d":0.994185,"shortest_distance":1.080501,"num_points":953,"plane_center_x":0.663197,"plane_center_y":-3.320456,"plane_center_z":-0.017173,"color_id":1}}