{"0":{"ros_timestamp":"1681734501.713097010","wall_type":"floor","a":-0.023612,"b":-0.017729,"c":0.999564,"d":0.991846,"shortest_distance":1.64555,"num_points":368,"plane_center_x":1.868202,"plane_center_y":-2.762328,"plane_center_z":-0.997144,"color_id":3},"1":{"ros_timestamp":"1681734501.713097010","wall_type":"front","a":0.892434,"b":0.436866,"c":0.112736,"d":-1.503315,"shortest_distance":0.725511,"num_points":2636,"plane_center_x":2.222131,"plane_center_y":-1.12677,"plane_center_z":0.110497,"color_id":0},"2":{"ros_timestamp":"1681734501.713097010","wall_type":"back","a":0.879736,"b":0.475204,"c":-0.015697,"d":0.994185,"shortest_distance":1.673506,"num_points":953,"plane_center_x":0.663197,"plane_center_y":-3.320456,"plane_center_z":-0.017173,"color_id":1}}