{"0":{"ros_timestamp":"1681734509.157862467","wall_type":"ceiling","a":-0.002218,"b":-0.024956,"c":0.999686,"d":-2.546017,"shortest_distance":1.95754,"num_points":974,"plane_center_x":1.732672,"plane_center_y":-3.557393,"plane_center_z":2.461856,"color_id":2},"1":{"ros_timestamp":"1681734509.157862467","wall_type":"floor","a":-0.032167,"b":-0.020393,"c":0.999274,"d":0.947385,"shortest_distance":1.53804,"num_points":285,"plane_center_x":1.968943,"plane_center_y":-2.734611,"plane_center_z":-0.940498,"color_id":3},"2":{"ros_timestamp":"1681734509.157862467","wall_type":"front","a":0.892434,"b":0.436866,"c":0.112736,"d":-1.503315,"shortest_distance":1.346747,"num_points":2636,"plane_center_x":2.222131,"plane_center_y":-1.12677,"plane_center_z":0.110497,"color_id":0},"3":{"ros_timestamp":"1681734509.157862467","wall_type":"back","a":0.879736,"b":0.475204,"c":-0.015697,"d":0.994185,"shortest_distance":1.085556,"num_points":953,"plane_center_x":0.663197,"plane_center_y":-3.320456,"plane_center_z":-0.017173,"color_id":1}}