{"0":{"ros_timestamp":"1681734467.868254737","wall_type":"floor","a":-0.053947,"b":-0.021548,"c":0.998311,"d":1.04025,"shortest_distance":1.244778,"num_points":246,"plane_center_x":2.029406,"plane_center_y":-1.499072,"plane_center_z":-0.964701,"color_id":3},"1":{"ros_timestamp":"1681734467.868254737","wall_type":"front","a":0.892434,"b":0.436866,"c":0.112736,"d":-1.503315,"shortest_distance":1.397256,"num_points":2636,"plane_center_x":2.222131,"plane_center_y":-1.12677,"plane_center_z":0.110497,"color_id":0}}