{"0":{"ros_timestamp":"1681734526.542230955","wall_type":"ceiling","a":-0.002218,"b":-0.024956,"c":0.999686,"d":-2.546017,"shortest_distance":2.252067,"num_points":974,"plane_center_x":1.732672,"plane_center_y":-3.557393,"plane_center_z":2.461856,"color_id":2},"1":{"ros_timestamp":"1681734526.542230955","wall_type":"floor","a":-0.013055,"b":-0.034629,"c":0.999315,"d":1.025186,"shortest_distance":1.309504,"num_points":303,"plane_center_x":1.852905,"plane_center_y":-2.773792,"plane_center_z":-1.097803,"color_id":3},"2":{"ros_timestamp":"1681734526.542230955","wall_type":"front","a":0.892434,"b":0.436866,"c":0.112736,"d":-1.503315,"shortest_distance":1.004674,"num_points":2636,"plane_center_x":2.222131,"plane_center_y":-1.12677,"plane_center_z":0.110497,"color_id":0},"3":{"ros_timestamp":"1681734526.542230955","wall_type":"back","a":0.879736,"b":0.475204,"c":-0.015697,"d":0.994185,"shortest_distance":1.485295,"num_points":953,"plane_center_x":0.663197,"plane_center_y":-3.320456,"plane_center_z":-0.017173,"color_id":1}}