{"0":{"ros_timestamp":"1681734535.183726798","wall_type":"ceiling","a":-0.002218,"b":-0.024956,"c":0.999686,"d":-2.546017,"shortest_distance":2.513037,"num_points":974,"plane_center_x":1.732672,"plane_center_y":-3.557393,"plane_center_z":2.461856,"color_id":2},"1":{"ros_timestamp":"1681734535.183726798","wall_type":"floor","a":0.008196,"b":-0.082619,"c":0.996548,"d":0.924222,"shortest_distance":0.980031,"num_points":317,"plane_center_x":1.841521,"plane_center_y":-1.68916,"plane_center_z":-1.08261,"color_id":3},"2":{"ros_timestamp":"1681734535.183726798","wall_type":"front","a":0.935791,"b":0.337092,"c":-0.103271,"d":-2.060688,"shortest_distance":1.713487,"num_points":304,"plane_center_x":2.914279,"plane_center_y":-1.813133,"plane_center_z":0.53524,"color_id":6},"3":{"ros_timestamp":"1681734535.183726798","wall_type":"back","a":0.879736,"b":0.475204,"c":-0.015697,"d":0.994185,"shortest_distance":1.273711,"num_points":953,"plane_center_x":0.663197,"plane_center_y":-3.320456,"plane_center_z":-0.017173,"color_id":1}}