{"0":{"ros_timestamp":"1681734470.118801620","wall_type":"floor","a":-0.051981,"b":-0.024873,"c":0.998338,"d":1.036671,"shortest_distance":1.28082,"num_points":431,"plane_center_x":1.994601,"plane_center_y":-1.933513,"plane_center_z":-0.982714,"color_id":3},"1":{"ros_timestamp":"1681734470.118801620","wall_type":"front","a":0.892434,"b":0.436866,"c":0.112736,"d":-1.503315,"shortest_distance":1.16652,"num_points":2636,"plane_center_x":2.222131,"plane_center_y":-1.12677,"plane_center_z":0.110497,"color_id":0}}