{"0":{"ros_timestamp":"1681734471.804524195","wall_type":"floor","a":-0.062791,"b":-0.039352,"c":0.997251,"d":1.046969,"shortest_distance":1.270619,"num_points":511,"plane_center_x":1.877594,"plane_center_y":-2.102845,"plane_center_z":-1.014614,"color_id":3},"1":{"ros_timestamp":"1681734471.804524195","wall_type":"front","a":0.892434,"b":0.436866,"c":0.112736,"d":-1.503315,"shortest_distance":1.146043,"num_points":2636,"plane_center_x":2.222131,"plane_center_y":-1.12677,"plane_center_z":0.110497,"color_id":0}}