{"0":{"ros_timestamp":"1681734472.46638979","wall_type":"floor","a":-0.066238,"b":-0.04552,"c":0.996765,"d":1.042644,"shortest_distance":1.258573,"num_points":539,"plane_center_x":1.712893,"plane_center_y":-2.245779,"plane_center_z":-1.034762,"color_id":3},"1":{"ros_timestamp":"1681734472.46638979","wall_type":"front","a":0.892434,"b":0.436866,"c":0.112736,"d":-1.503315,"shortest_distance":1.146576,"num_points":2636,"plane_center_x":2.222131,"plane_center_y":-1.12677,"plane_center_z":0.110497,"color_id":0},"2":{"ros_timestamp":"1681734472.46638979","wall_type":"back","a":0.879736,"b":0.475204,"c":-0.015697,"d":0.994185,"shortest_distance":1.334345,"num_points":953,"plane_center_x":0.663197,"plane_center_y":-3.320456,"plane_center_z":-0.017173,"color_id":1}}