{"0":{"ros_timestamp":"1681734473.958091279","wall_type":"floor","a":-0.068697,"b":-0.050727,"c":0.996347,"d":1.02994,"shortest_distance":1.24015,"num_points":552,"plane_center_x":1.736869,"plane_center_y":-2.23484,"plane_center_z":-1.027743,"color_id":3},"1":{"ros_timestamp":"1681734473.958091279","wall_type":"front","a":0.892434,"b":0.436866,"c":0.112736,"d":-1.503315,"shortest_distance":1.121699,"num_points":2636,"plane_center_x":2.222131,"plane_center_y":-1.12677,"plane_center_z":0.110497,"color_id":0},"2":{"ros_timestamp":"1681734473.958091279","wall_type":"back","a":0.879736,"b":0.475204,"c":-0.015697,"d":0.994185,"shortest_distance":1.350014,"num_points":953,"plane_center_x":0.663197,"plane_center_y":-3.320456,"plane_center_z":-0.017173,"color_id":1}}