{"0":{"ros_timestamp":"1681734465.764732046","wall_type":"floor","a":0.320599,"b":0.078366,"c":0.943968,"d":0.250602,"shortest_distance":0.441383,"num_points":168,"plane_center_x":2.200594,"plane_center_y":-1.515382,"plane_center_z":-0.887061,"color_id":3},"1":{"ros_timestamp":"1681734465.764732046","wall_type":"front","a":0.892434,"b":0.436866,"c":0.112736,"d":-1.503315,"shortest_distance":1.405101,"num_points":2636,"plane_center_x":2.222131,"plane_center_y":-1.12677,"plane_center_z":0.110497,"color_id":0}}