{"0":{"ros_timestamp":"1681734477.231969404","wall_type":"floor","a":-0.062785,"b":-0.045157,"c":0.997005,"d":1.014725,"shortest_distance":1.379269,"num_points":482,"plane_center_x":1.758592,"plane_center_y":-2.314176,"plane_center_z":-1.011844,"color_id":3},"1":{"ros_timestamp":"1681734477.231969404","wall_type":"front","a":0.892434,"b":0.436866,"c":0.112736,"d":-1.503315,"shortest_distance":1.058011,"num_points":2636,"plane_center_x":2.222131,"plane_center_y":-1.12677,"plane_center_z":0.110497,"color_id":0},"2":{"ros_timestamp":"1681734477.231969404","wall_type":"back","a":0.879736,"b":0.475204,"c":-0.015697,"d":0.994185,"shortest_distance":1.392597,"num_points":953,"plane_center_x":0.663197,"plane_center_y":-3.320456,"plane_center_z":-0.017173,"color_id":1}}