{"0":{"ros_timestamp":"1681734492.603931036","wall_type":"floor","a":-0.057254,"b":-0.037509,"c":0.997655,"d":1.008526,"shortest_distance":1.335373,"num_points":11064,"plane_center_x":1.737179,"plane_center_y":-2.405283,"plane_center_z":-1.001636,"color_id":3},"1":{"ros_timestamp":"1681734492.603931036","wall_type":"front","a":0.903261,"b":0.414186,"c":0.112112,"d":-1.528317,"shortest_distance":1.340978,"num_points":2006,"plane_center_x":2.456334,"plane_center_y":-1.660625,"plane_center_z":-0.023082,"color_id":0},"2":{"ros_timestamp":"1681734492.603931036","wall_type":"back","a":0.871562,"b":0.488665,"c":0.039818,"d":1.010706,"shortest_distance":1.120538,"num_points":1731,"plane_center_x":0.590306,"plane_center_y":-3.108031,"plane_center_z":-0.160947,"color_id":1}}