{"0":{"ros_timestamp":"1681734497.198081273","wall_type":"floor","a":-0.049547,"b":-0.024537,"c":0.99847,"d":1.012753,"shortest_distance":1.401221,"num_points":13578,"plane_center_x":1.763231,"plane_center_y":-2.579435,"plane_center_z":-0.990195,"color_id":3},"1":{"ros_timestamp":"1681734497.198081273","wall_type":"front","a":0.903261,"b":0.414186,"c":0.112112,"d":-1.528317,"shortest_distance":1.395265,"num_points":2006,"plane_center_x":2.456334,"plane_center_y":-1.660625,"plane_center_z":-0.023082,"color_id":0},"2":{"ros_timestamp":"1681734497.198081273","wall_type":"back","a":0.871562,"b":0.488665,"c":0.039818,"d":1.010706,"shortest_distance":1.060777,"num_points":1731,"plane_center_x":0.590306,"plane_center_y":-3.108031,"plane_center_z":-0.160947,"color_id":1}}