{"0":{"ros_timestamp":"1681734519.446403194","wall_type":"ceiling","a":-0.016502,"b":-0.014416,"c":0.99976,"d":-2.585071,"shortest_distance":2.188786,"num_points":1539,"plane_center_x":1.746189,"plane_center_y":-3.186486,"plane_center_z":2.568568,"color_id":2},"1":{"ros_timestamp":"1681734519.446403194","wall_type":"floor","a":-0.007223,"b":0.016982,"c":0.99983,"d":0.96817,"shortest_distance":1.379338,"num_points":16538,"plane_center_x":1.855806,"plane_center_y":-2.586842,"plane_center_z":-0.910991,"color_id":3},"2":{"ros_timestamp":"1681734519.446403194","wall_type":"front","a":0.903261,"b":0.414186,"c":0.112112,"d":-1.528317,"shortest_distance":1.839621,"num_points":2006,"plane_center_x":2.456334,"plane_center_y":-1.660625,"plane_center_z":-0.023082,"color_id":0},"3":{"ros_timestamp":"1681734519.446403194","wall_type":"back","a":0.871562,"b":0.488665,"c":0.039818,"d":1.010706,"shortest_distance":0.744055,"num_points":1731,"plane_center_x":0.590306,"plane_center_y":-3.108031,"plane_center_z":-0.160947,"color_id":1}}