{"0":{"ros_timestamp":"1681734534.190483630","wall_type":"ceiling","a":-0.016502,"b":-0.014416,"c":0.99976,"d":-2.585071,"shortest_distance":2.141572,"num_points":1539,"plane_center_x":1.746189,"plane_center_y":-3.186486,"plane_center_z":2.568568,"color_id":2},"1":{"ros_timestamp":"1681734534.190483630","wall_type":"floor","a":-0.028428,"b":-0.034978,"c":0.998984,"d":0.893324,"shortest_distance":1.333959,"num_points":21209,"plane_center_x":1.696073,"plane_center_y":-2.118463,"plane_center_z":-0.920144,"color_id":3},"2":{"ros_timestamp":"1681734534.190483630","wall_type":"front","a":0.903261,"b":0.414186,"c":0.112112,"d":-1.528317,"shortest_distance":1.166122,"num_points":2006,"plane_center_x":2.456334,"plane_center_y":-1.660625,"plane_center_z":-0.023082,"color_id":0},"3":{"ros_timestamp":"1681734534.190483630","wall_type":"back","a":0.871562,"b":0.488665,"c":0.039818,"d":1.010706,"shortest_distance":1.320075,"num_points":1731,"plane_center_x":0.590306,"plane_center_y":-3.108031,"plane_center_z":-0.160947,"color_id":1}}