{"0":{"ros_timestamp":"1681734468.434401052","wall_type":"floor","a":-0.068818,"b":-0.040335,"c":0.996814,"d":1.076686,"shortest_distance":1.260872,"num_points":673,"plane_center_x":2.231313,"plane_center_y":-1.72586,"plane_center_z":-0.995918,"color_id":3}}