{"0":{"ros_timestamp":"1681734469.351628479","wall_type":"floor","a":-0.061796,"b":-0.03609,"c":0.997436,"d":1.044722,"shortest_distance":1.239932,"num_points":1773,"plane_center_x":2.021246,"plane_center_y":-1.642251,"plane_center_z":-0.981602,"color_id":3},"1":{"ros_timestamp":"1681734469.351628479","wall_type":"front","a":0.903261,"b":0.414186,"c":0.112112,"d":-1.528317,"shortest_distance":1.331005,"num_points":2006,"plane_center_x":2.456334,"plane_center_y":-1.660625,"plane_center_z":-0.023082,"color_id":0}}