{"0":{"ros_timestamp":"1681734470.111125823","wall_type":"floor","a":-0.047641,"b":-0.02491,"c":0.998554,"d":1.032002,"shortest_distance":1.251219,"num_points":2417,"plane_center_x":1.937638,"plane_center_y":-1.813715,"plane_center_z":-0.986297,"color_id":3},"1":{"ros_timestamp":"1681734470.111125823","wall_type":"front","a":0.903261,"b":0.414186,"c":0.112112,"d":-1.528317,"shortest_distance":1.285906,"num_points":2006,"plane_center_x":2.456334,"plane_center_y":-1.660625,"plane_center_z":-0.023082,"color_id":0}}