{"0":{"ros_timestamp":"1681734472.744097869","wall_type":"floor","a":-0.06015,"b":-0.039719,"c":0.997399,"d":1.034476,"shortest_distance":1.2489,"num_points":4003,"plane_center_x":1.73734,"plane_center_y":-2.04987,"plane_center_z":-1.014032,"color_id":3},"1":{"ros_timestamp":"1681734472.744097869","wall_type":"front","a":0.903261,"b":0.414186,"c":0.112112,"d":-1.528317,"shortest_distance":1.189224,"num_points":2006,"plane_center_x":2.456334,"plane_center_y":-1.660625,"plane_center_z":-0.023082,"color_id":0}}