{"0":{"ros_timestamp":"1681734473.319910076","wall_type":"floor","a":-0.068102,"b":-0.04559,"c":0.996636,"d":1.034965,"shortest_distance":1.244522,"num_points":4801,"plane_center_x":1.683056,"plane_center_y":-2.105716,"plane_center_z":-1.019776,"color_id":3},"1":{"ros_timestamp":"1681734473.319910076","wall_type":"front","a":0.903261,"b":0.414186,"c":0.112112,"d":-1.528317,"shortest_distance":1.150847,"num_points":2006,"plane_center_x":2.456334,"plane_center_y":-1.660625,"plane_center_z":-0.023082,"color_id":0}}